Row,Glucose,Ethanol,Acetate,Maltose
YIL020C,5.85448224212415,6.3730195347916,5.92817005694464,6.12380249742703
YNL104C,5.85448224212415,6.3730195347916,5.92817005694464,6.12380249742703
YOR108W,5.85448224212415,6.3730195347916,5.92817005694464,6.12380249742703
YGL009C,5.85448224212415,6.3730195347916,5.92817005694464,6.12380249742703
YCL018W,5.85448224212415,6.3730195347916,5.92817005694464,6.12380249742703
YER091C,5.85448224212415,6.3730195347916,5.92817005694464,6.12380249742703
YMR108W,5.85448224212415,6.3730195347916,5.92817005694464,6.12380249742703
YCL009C,5.85448224212415,6.3730195347916,5.92817005694464,6.12380249742703
YOL140W,5.85448224212415,6.3730195347916,5.92817005694464,6.12380249742703
YFL030W,5.85448224212415,6.3730195347916,5.92817005694464,6.12380249742703
YJL071W,5.85448224212415,6.3730195347916,5.92817005694464,6.12380249742703
YDR354W,5.85448224212415,6.3730195347916,5.92817005694464,6.12380249742703
YER090W,5.85448224212415,6.3730195347916,5.92817005694464,6.12380249742703
YMR062C,5.85448224212415,6.3730195347916,5.92817005694464,6.12380249742703
YHR018C,5.85448224212415,6.3730195347916,5.92817005694464,6.12380249742703
YOL058W,5.85448224212415,6.3730195347916,5.92817005694464,6.12380249742703
YGL202W,5.85448224212415,6.3730195347916,5.92817005694464,6.12380249742703
YPR145W,5.85448224212415,6.3730195347916,5.92817005694464,6.12380249742703
YGR124W,5.85448224212415,6.3730195347916,5.92817005694464,6.12380249742703
YLR027C,5.85448224212415,6.3730195347916,5.92817005694464,6.12380249742703
YDR158W,5.85448224212415,6.3730195347916,5.92817005694464,6.12380249742703
YER052C,5.85448224212415,6.3730195347916,5.92817005694464,6.12380249742703
YER055C,5.85448224212415,6.3730195347916,5.92817005694464,6.12380249742703
YJR148W,5.85448224212415,6.3730195347916,5.92817005694464,6.12380249742703
YHR208W,5.85448224212415,6.3730195347916,5.92817005694464,6.12380249742703
YJR109C,5.85448224212415,6.3730195347916,5.92817005694464,6.12380249742703
YOR303W,5.85448224212415,6.3730195347916,5.92817005694464,6.12380249742703
YGL148W,5.85448224212415,6.3730195347916,5.92817005694464,6.12380249742703
YGL184C,5.85448224212415,6.3730195347916,5.92817005694464,6.12380249742703
YGR155W,5.85448224212415,6.3730195347916,5.92817005694464,6.12380249742703
YAL012W,5.85448224212415,6.3730195347916,5.92817005694464,6.12380249742703
YJR130C,5.85448224212415,6.3730195347916,5.92817005694464,6.12380249742703
YER081W,5.85448224212415,6.3730195347916,5.92817005694464,6.12380249742703
YIL074C,5.85448224212415,6.3730195347916,5.92817005694464,6.12380249742703
YJR016C,5.85448224212415,6.3730195347916,5.92817005694464,6.12380249742703
YOR323C,5.85448224212415,6.3730195347916,5.92817005694464,6.12380249742703
YDR300C,5.85448224212415,6.3730195347916,5.92817005694464,6.12380249742703
YDL171C,5.85448224212415,6.3730195347916,5.92817005694464,6.12380249742703
YPR035W,5.85448224212415,6.3730195347916,5.92817005694464,6.12380249742703
YCL030C,5.85448224212415,6.3730195347916,5.92817005694464,6.12380249742703
YFR025C,5.85448224212415,6.3730195347916,5.92817005694464,6.12380249742703
YIL116W,5.85448224212415,6.3730195347916,5.92817005694464,6.12380249742703
YDR234W,5.85448224212415,6.3730195347916,5.92817005694464,6.12380249742703
YJL200C,5.85448224212415,6.3730195347916,5.92817005694464,6.12380249742703
YDL182W,5.85448224212415,6.3730195347916,5.92817005694464,6.12380249742703
YDL131W,5.85448224212415,6.3730195347916,5.92817005694464,6.12380249742703
YLR303W,5.85448224212415,6.3730195347916,5.92817005694464,6.12380249742703
YIL094C,5.85448224212415,6.3730195347916,5.92817005694464,6.12380249742703
YJR139C,5.85448224212415,6.3730195347916,5.92817005694464,6.12380249742703
YHR025W,5.85448224212415,6.3730195347916,5.92817005694464,6.12380249742703
YNL277W,5.85448224212415,6.3730195347916,5.92817005694464,6.12380249742703
YBR248C,5.85448224212415,6.3730195347916,5.92817005694464,6.12380249742703
YOR202W,5.85448224212415,6.3730195347916,5.92817005694464,6.12380249742703
YLR355C,5.85448224212415,6.3730195347916,5.92817005694464,6.12380249742703
YBR115C,5.85448224212415,6.3730195347916,5.92817005694464,6.12380249742703
YKL211C,5.85448224212415,6.3730195347916,5.92817005694464,6.12380249742703
YDR007W,5.85448224212415,6.3730195347916,5.92817005694464,6.12380249742703
YLR438W,5.85448224212415,6.3730195347916,5.92817005694464,6.12380249742703
YJL088W,5.85448224212415,6.3730195347916,5.92817005694464,6.12380249742703
YDR127W,5.85448224212415,6.3730195347916,5.92817005694464,6.12380249742703
YDR035W,5.85448224212415,6.3730195347916,5.92817005694464,6.12380249742703
YBR249C,5.85448224212415,6.3730195347916,5.92817005694464,6.12380249742703
YOR184W,5.85448224212415,6.3730195347916,5.92817005694464,6.12380249742703
YGR208W,5.85448224212415,6.3730195347916,5.92817005694464,6.12380249742703
YBR166C,5.85448224212415,6.3730195347916,5.92817005694464,6.12380249742703
YDR111C,5.85448224212415,6.3730195347916,5.92817005694464,6.12380249742703
YLR089C,5.85448224212415,6.3730195347916,5.92817005694464,6.12380249742703
YER069W,5.85448224212415,6.3730195347916,5.92817005694464,6.12380249742703
YFR055W,5.85448224212415,6.3730195347916,5.92817005694464,6.12380249742703
YLL058W,5.85448224212415,6.3730195347916,5.92817005694464,6.12380249742703
YML082W,5.85448224212415,6.3730195347916,5.92817005694464,6.12380249742703
YNL316C,5.85448224212415,6.3730195347916,5.92817005694464,6.12380249742703
YER023W,5.85448224212415,6.3730195347916,5.92817005694464,6.12380249742703
YIR034C,5.85448224212415,6.3730195347916,5.92817005694464,6.12380249742703
YNR050C,5.85448224212415,6.3730195347916,5.92817005694464,6.12380249742703
YER086W,5.85448224212415,6.3730195347916,5.92817005694464,6.12380249742703
YCR053W,5.85448224212415,6.3730195347916,5.92817005694464,6.12380249742703
YGL026C,5.85448224212415,6.3730195347916,5.92817005694464,6.12380249742703
YOR335C,2.97807124032466,3.14407250786222,3.01324301293958,2.98998625659248
YDR341C,2.97807124032466,3.14407250786222,3.01324301293958,2.98998625659248
YHR091C,2.97807124032466,3.14407250786222,3.01324301293958,2.98998625659248
YHR019C,2.97807124032466,3.14407250786222,3.01324301293958,2.98998625659248
YCR024C,2.97807124032466,3.14407250786222,3.01324301293958,2.98998625659248
YLL018C,2.97807124032466,3.14407250786222,3.01324301293958,2.98998625659248
YPL104W,2.97807124032466,3.14407250786222,3.01324301293958,2.98998625659248
YNL247W,2.97807124032466,3.14407250786222,3.01324301293958,2.98998625659248
YGL245W,2.97807124032466,3.14407250786222,3.01324301293958,2.98998625659248
YOL033W,2.97807124032466,3.14407250786222,3.01324301293958,2.98998625659248
YOR168W,2.97807124032466,3.14407250786222,3.01324301293958,2.98998625659248
YBR121C,2.97807124032466,3.14407250786222,3.01324301293958,2.98998625659248
YPR081C,2.97807124032466,3.14407250786222,3.01324301293958,2.98998625659248
YPR033C,2.97807124032466,3.14407250786222,3.01324301293958,2.98998625659248
YBL076C,2.97807124032466,3.14407250786222,3.01324301293958,2.98998625659248
YPL040C,2.97807124032466,3.14407250786222,3.01324301293958,2.98998625659248
YPL160W,2.97807124032466,3.14407250786222,3.01324301293958,2.98998625659248
YLR382C,2.97807124032466,3.14407250786222,3.01324301293958,2.98998625659248
YDR037W,2.97807124032466,3.14407250786222,3.01324301293958,2.98998625659248
YNL073W,2.97807124032466,3.14407250786222,3.01324301293958,2.98998625659248
YGR264C,2.97807124032466,3.14407250786222,3.01324301293958,2.98998625659248
YGR171C,2.97807124032466,3.14407250786222,3.01324301293958,2.98998625659248
YFL022C,2.97807124032466,3.14407250786222,3.01324301293958,2.98998625659248
YLR060W,2.97807124032466,3.14407250786222,3.01324301293958,2.98998625659248
YPR047W,2.97807124032466,3.14407250786222,3.01324301293958,2.98998625659248
YHR020W,2.97807124032466,3.14407250786222,3.01324301293958,2.98998625659248
YDR023W,2.97807124032466,3.14407250786222,3.01324301293958,2.98998625659248
YHR011W,2.97807124032466,3.14407250786222,3.01324301293958,2.98998625659248
YIL078W,2.97807124032466,3.14407250786222,3.01324301293958,2.98998625659248
YKL194C,2.97807124032466,3.14407250786222,3.01324301293958,2.98998625659248
YOL097C,2.97807124032466,3.14407250786222,3.01324301293958,2.98998625659248
YDR268W,2.97807124032466,3.14407250786222,3.01324301293958,2.98998625659248
YGR185C,2.97807124032466,3.14407250786222,3.01324301293958,2.98998625659248
YPL097W,2.97807124032466,3.14407250786222,3.01324301293958,2.98998625659248
YGR094W,2.97807124032466,3.14407250786222,3.01324301293958,2.98998625659248
YHR063C,3.48103774575067,3.63882875479693,3.61421266162289,3.65846760927548
YML110C,3.48103774575067,3.63882875479693,3.61421266162289,3.65846760927548
YBR153W,3.48103774575067,3.63882875479693,3.61421266162289,3.65846760927548
YJR025C,3.48103774575067,3.63882875479693,3.61421266162289,3.65846760927548
YBR176W,3.48103774575067,3.63882875479693,3.61421266162289,3.65846760927548
YDR487C,3.48103774575067,3.63882875479693,3.61421266162289,3.65846760927548
YJR156C,3.48103774575067,3.63882875479693,3.61421266162289,3.65846760927548
YNL332W,3.48103774575067,3.63882875479693,3.61421266162289,3.65846760927548
YDL244W,3.48103774575067,3.63882875479693,3.61421266162289,3.65846760927548
YFL058W,3.48103774575067,3.63882875479693,3.61421266162289,3.65846760927548
YNR041C,3.48103774575067,3.63882875479693,3.61421266162289,3.65846760927548
YOR125C,3.48103774575067,3.63882875479693,3.61421266162289,3.65846760927548
YOL143C,3.48103774575067,3.63882875479693,3.61421266162289,3.65846760927548
YNR058W,3.48103774575067,3.63882875479693,3.61421266162289,3.65846760927548
YMR289W,3.48103774575067,3.63882875479693,3.61421266162289,3.65846760927548
YNR033W,3.48103774575067,3.63882875479693,3.61421266162289,3.65846760927548
YGL119W,3.48103774575067,3.63882875479693,3.61421266162289,3.65846760927548
YOL066C,3.48103774575067,3.63882875479693,3.61421266162289,3.65846760927548
YGR286C,3.48103774575067,3.63882875479693,3.61421266162289,3.65846760927548
YML086C,3.48103774575067,3.63882875479693,3.61421266162289,3.65846760927548
YDR196C,3.48103774575067,3.63882875479693,3.61421266162289,3.65846760927548
YNR057C,3.48103774575067,3.63882875479693,3.61421266162289,3.65846760927548
YOR236W,3.48103774575067,3.63882875479693,3.61421266162289,3.65846760927548
YMR113W,3.48103774575067,3.63882875479693,3.61421266162289,3.65846760927548
YDL045C,3.48103774575067,3.63882875479693,3.61421266162289,3.65846760927548
YNL256W,3.48103774575067,3.63882875479693,3.61421266162289,3.65846760927548
YOR241W,3.48103774575067,3.63882875479693,3.61421266162289,3.65846760927548
YHR074W,3.48103774575067,3.63882875479693,3.61421266162289,3.65846760927548
YGR267C,3.48103774575067,3.63882875479693,3.61421266162289,3.65846760927548
YBL033C,3.48103774575067,3.63882875479693,3.61421266162289,3.65846760927548
YBR003W,3.48103774575067,3.63882875479693,3.61421266162289,3.65846760927548
YOL055C,3.48103774575067,3.63882875479693,3.61421266162289,3.65846760927548
YPL258C,3.48103774575067,3.63882875479693,3.61421266162289,3.65846760927548
YJR078W,3.48103774575067,3.63882875479693,3.61421266162289,3.65846760927548
YPL135W,3.48103774575067,3.63882875479693,3.61421266162289,3.65846760927548
YOR226C,3.48103774575067,3.63882875479693,3.61421266162289,3.65846760927548
YLR231C,3.48103774575067,3.63882875479693,3.61421266162289,3.65846760927548
YBL098W,3.48103774575067,3.63882875479693,3.61421266162289,3.65846760927548
YLR290C,3.48103774575067,3.63882875479693,3.61421266162289,3.65846760927548
YGL037C,3.48103774575067,3.63882875479693,3.61421266162289,3.65846760927548
YCL047C,3.48103774575067,3.63882875479693,3.61421266162289,3.65846760927548
YNL129W,3.48103774575067,3.63882875479693,3.61421266162289,3.65846760927548
YLR328W,3.48103774575067,3.63882875479693,3.61421266162289,3.65846760927548
YGR010W,3.48103774575067,3.63882875479693,3.61421266162289,3.65846760927548
YOR209C,3.48103774575067,3.63882875479693,3.61421266162289,3.65846760927548
YFR047C,3.48103774575067,3.63882875479693,3.61421266162289,3.65846760927548
YIL145C,3.48103774575067,3.63882875479693,3.61421266162289,3.65846760927548
YDR531W,3.48103774575067,3.63882875479693,3.61421266162289,3.65846760927548
YIL083C,3.48103774575067,3.63882875479693,3.61421266162289,3.65846760927548
YKL132C,3.48103774575067,3.63882875479693,3.61421266162289,3.65846760927548
YNL334C,3.48103774575067,3.63882875479693,3.61421266162289,3.65846760927548
YFL060C,3.48103774575067,3.63882875479693,3.61421266162289,3.65846760927548
YNL333W,3.48103774575067,3.63882875479693,3.61421266162289,3.65846760927548
YFL059W,3.48103774575067,3.63882875479693,3.61421266162289,3.65846760927548
YMR095C,3.48103774575067,3.63882875479693,3.61421266162289,3.65846760927548
YMR096W,3.48103774575067,3.63882875479693,3.61421266162289,3.65846760927548
YDR236C,3.48103774575067,3.63882875479693,3.61421266162289,3.65846760927548
YBR256C,3.48103774575067,3.63882875479693,3.61421266162289,3.65846760927548
YPL214C,3.48103774575067,3.63882875479693,3.61421266162289,3.65846760927548
YOR143C,3.48103774575067,3.63882875479693,3.61421266162289,3.65846760927548
YGR255C,3.48103774575067,3.63882875479693,3.61421266162289,3.65846760927548
YOL096C,3.48103774575067,3.63882875479693,3.61421266162289,3.65846760927548
YDR204W,3.48103774575067,3.63882875479693,3.61421266162289,3.65846760927548
YLR201C,3.48103774575067,3.63882875479693,3.61421266162289,3.65846760927548
YMR202W,3.24010785252841,3.30376918943729,3.29876531180894,3.28749900324645
YMR015C,3.24010785252841,3.30376918943729,3.29876531180894,3.28749900324645
YGL012W,3.24010785252841,3.30376918943729,3.29876531180894,3.28749900324645
YLR056W,3.24010785252841,3.30376918943729,3.29876531180894,3.28749900324645
YML008C,3.24010785252841,3.30376918943729,3.29876531180894,3.28749900324645
YOL086C,3.10799912488789,3.28958048914649,3.01873184785231,3.16862354488307
YMR303C,3.10799912488789,3.28958048914649,3.01873184785231,3.16862354488307
YMR083W,3.10799912488789,3.28958048914649,3.01873184785231,3.16862354488307
YGL256W,3.10799912488789,3.28958048914649,3.01873184785231,3.16862354488307
YBR145W,3.10799912488789,3.28958048914649,3.01873184785231,3.16862354488307
YER073W,3.10799912488789,3.28958048914649,3.01873184785231,3.16862354488307
YPL061W,3.10799912488789,3.28958048914649,3.01873184785231,3.16862354488307
YLR044C,3.10799912488789,3.28958048914649,3.01873184785231,3.16862354488307
YLR134W,3.10799912488789,3.28958048914649,3.01873184785231,3.16862354488307
YGR087C,3.10799912488789,3.28958048914649,3.01873184785231,3.16862354488307
YKL055C,2.98696681117438,3.1118005686163,3.10021012046909,3.12850595292982
YER061C,2.98696681117438,3.1118005686163,3.10021012046909,3.12850595292982
YNR016C,2.98696681117438,3.1118005686163,3.10021012046909,3.12850595292982
YMR207C,2.98696681117438,3.1118005686163,3.10021012046909,3.12850595292982
YKL192C,2.98696681117438,3.1118005686163,3.10021012046909,3.12850595292982
YGL055W,2.98696681117438,3.1118005686163,3.10021012046909,3.12850595292982
YMR272C,2.98696681117438,3.1118005686163,3.10021012046909,3.12850595292982
YJL196C,2.98696681117438,3.1118005686163,3.10021012046909,3.12850595292982
YCR034W,2.98696681117438,3.1118005686163,3.10021012046909,3.12850595292982
YLR372W,2.98696681117438,3.1118005686163,3.10021012046909,3.12850595292982
YBR026C,2.98696681117438,3.1118005686163,3.10021012046909,3.12850595292982
YPL231W,2.98696681117438,3.1118005686163,3.10021012046909,3.12850595292982
YKL182W,2.98696681117438,3.1118005686163,3.10021012046909,3.12850595292982
YHR067W,2.98696681117438,3.1118005686163,3.10021012046909,3.12850595292982
YOR221C,2.98696681117438,3.1118005686163,3.10021012046909,3.12850595292982
YPL148C,2.98696681117438,3.1118005686163,3.10021012046909,3.12850595292982
YJL097W,2.98696681117438,3.1118005686163,3.10021012046909,3.12850595292982
YBR159W,2.98696681117438,3.1118005686163,3.10021012046909,3.12850595292982
YDL015C,2.98696681117438,3.1118005686163,3.10021012046909,3.12850595292982
YBR019C,1,1,1,1
YBR020W,1,1,1,1
YLR081W,1,1,1,1
YBR018C,1,1,1,1
YKL127W,1,1,1,1
YMR105C,1,1,1,1
YFL011W,1.53842813563522,1.0055360624809,1.19198957614237,1.42828688874971
YOL156W,1.53842813563522,1.0055360624809,1.19198957614237,1.42828688874971
YEL069C,1.53842813563522,1.0055360624809,1.19198957614237,1.42828688874971
YNL318C,1.53842813563522,1.0055360624809,1.19198957614237,1.42828688874971
YDL245C,1.53842813563522,1.0055360624809,1.19198957614237,1.42828688874971
YJR158W,1.53842813563522,1.0055360624809,1.19198957614237,1.42828688874971
YNR072W,1.53842813563522,1.0055360624809,1.19198957614237,1.42828688874971
YJL214W,1.53842813563522,1.0055360624809,1.19198957614237,1.42828688874971
YJL219W,1.53842813563522,1.0055360624809,1.19198957614237,1.42828688874971
YMR011W,1.53842813563522,1.0055360624809,1.19198957614237,1.42828688874971
YDR343C,1.53842813563522,1.0055360624809,1.19198957614237,1.42828688874971
YDR342C,1.53842813563522,1.0055360624809,1.19198957614237,1.42828688874971
YHR094C,1.53842813563522,1.0055360624809,1.19198957614237,1.42828688874971
YDR345C,1.53842813563522,1.0055360624809,1.19198957614237,1.42828688874971
YHR092C,1.53842813563522,1.0055360624809,1.19198957614237,1.42828688874971
YHR096C,1.53842813563522,1.0055360624809,1.19198957614237,1.42828688874971
YIL170W,1.53842813563522,1.0055360624809,1.19198957614237,1.42828688874971
YML070W,2.60997109865496,2.45856958560018,2.45124938643326,2.52983699771
YFL053W,2.60997109865496,2.45856958560018,2.45124938643326,2.52983699771
YOR120W,2.60997109865496,2.45856958560018,2.45124938643326,2.52983699771
YHL032C,2.60997109865496,2.45856958560018,2.45124938643326,2.52983699771
YIL053W,2.60997109865496,2.45856958560018,2.45124938643326,2.52983699771
YDL022W,2.60997109865496,2.45856958560018,2.45124938643326,2.52983699771
YGR240C,3.83686672003762,3.67323457037422,3.68344680209683,4.03740198165025
YMR205C,3.83686672003762,3.67323457037422,3.68344680209683,4.03740198165025
YHR174W,3.83686672003762,3.67323457037422,3.68344680209683,4.03740198165025
YOR393W,3.83686672003762,3.67323457037422,3.68344680209683,4.03740198165025
YPL281C,3.83686672003762,3.67323457037422,3.68344680209683,4.03740198165025
YMR323W,3.83686672003762,3.67323457037422,3.68344680209683,4.03740198165025
YKL060C,3.83686672003762,3.67323457037422,3.68344680209683,4.03740198165025
YCL040W,3.83686672003762,3.67323457037422,3.68344680209683,4.03740198165025
YBR196C,3.83686672003762,3.67323457037422,3.68344680209683,4.03740198165025
YJL052W,3.83686672003762,3.67323457037422,3.68344680209683,4.03740198165025
YGR192C,3.83686672003762,3.67323457037422,3.68344680209683,4.03740198165025
YFR053C,3.83686672003762,3.67323457037422,3.68344680209683,4.03740198165025
YGL253W,3.83686672003762,3.67323457037422,3.68344680209683,4.03740198165025
YCR012W,3.83686672003762,3.67323457037422,3.68344680209683,4.03740198165025
YKL152C,3.83686672003762,3.67323457037422,3.68344680209683,4.03740198165025
YDL021W,3.83686672003762,3.67323457037422,3.68344680209683,4.03740198165025
YOL056W,3.83686672003762,3.67323457037422,3.68344680209683,4.03740198165025
YDR516C,3.83686672003762,3.67323457037422,3.68344680209683,4.03740198165025
YLR446W,3.83686672003762,3.67323457037422,3.68344680209683,4.03740198165025
YAL038W,3.83686672003762,3.67323457037422,3.68344680209683,4.03740198165025
YOR347C,3.83686672003762,3.67323457037422,3.68344680209683,4.03740198165025
YDR050C,3.83686672003762,3.67323457037422,3.68344680209683,4.03740198165025
YGR254W,3.01800379226079,3.57118172952601,3.40311436544156,3.04723614198973
YLR377C,3.01800379226079,3.57118172952601,3.40311436544156,3.04723614198973
YJR009C,3.01800379226079,3.57118172952601,3.40311436544156,3.04723614198973
YKR097W,3.01800379226079,3.57118172952601,3.40311436544156,3.04723614198973
YGL062W,3.01800379226079,3.57118172952601,3.40311436544156,3.04723614198973
YBR218C,3.01800379226079,3.57118172952601,3.40311436544156,3.04723614198973
YHR072W,2.62463968024102,2.56296158169352,2.59070487662206,2.73372819326221
YGR175C,2.62463968024102,2.56296158169352,2.59070487662206,2.73372819326221
YHR190W,2.62463968024102,2.56296158169352,2.59070487662206,2.73372819326221
YGR292W,2.4760533027115,1.60792249267983,1.65290003550127,3.04832518050797
YBR299W,2.4760533027115,1.60792249267983,1.65290003550127,3.04832518050797
YGR289C,2.4760533027115,1.60792249267983,1.65290003550127,3.04832518050797
YBR298C,2.4760533027115,1.60792249267983,1.65290003550127,3.04832518050797
YMR056C,3.06725692971184,3.44404855408026,3.36206644206784,3.23498857016071
YBL030C,3.06725692971184,3.44404855408026,3.36206644206784,3.23498857016071
YBR085W,3.06725692971184,3.44404855408026,3.36206644206784,3.23498857016071
YLR188W,3.06725692971184,3.44404855408026,3.36206644206784,3.23498857016071
YPL270W,3.06725692971184,3.44404855408026,3.36206644206784,3.23498857016071
YBR104W,3.06725692971184,3.44404855408026,3.36206644206784,3.23498857016071
YMR241W,3.06725692971184,3.44404855408026,3.36206644206784,3.23498857016071
YMR301C,3.06725692971184,3.44404855408026,3.36206644206784,3.23498857016071
YOR334W,3.06725692971184,3.44404855408026,3.36206644206784,3.23498857016071
YPL134C,3.06725692971184,3.44404855408026,3.36206644206784,3.23498857016071
YOR222W,3.06725692971184,3.44404855408026,3.36206644206784,3.23498857016071
YPR021C,3.06725692971184,3.44404855408026,3.36206644206784,3.23498857016071
YOR100C,3.06725692971184,3.44404855408026,3.36206644206784,3.23498857016071
YHR002W,3.06725692971184,3.44404855408026,3.36206644206784,3.23498857016071
YGR257C,3.06725692971184,3.44404855408026,3.36206644206784,3.23498857016071
YBR192W,3.06725692971184,3.44404855408026,3.36206644206784,3.23498857016071
YLR348C,3.06725692971184,3.44404855408026,3.36206644206784,3.23498857016071
YIL134W,3.06725692971184,3.44404855408026,3.36206644206784,3.23498857016071
YDL119C,3.06725692971184,3.44404855408026,3.36206644206784,3.23498857016071
YPR058W,3.06725692971184,3.44404855408026,3.36206644206784,3.23498857016071
YDL198C,3.06725692971184,3.44404855408026,3.36206644206784,3.23498857016071
YPL060W,3.06725692971184,3.44404855408026,3.36206644206784,3.23498857016071
YMR177W,3.06725692971184,3.44404855408026,3.36206644206784,3.23498857016071
YPL224C,3.06725692971184,3.44404855408026,3.36206644206784,3.23498857016071
YIL006W,3.06725692971184,3.44404855408026,3.36206644206784,3.23498857016071
YEL006W,3.06725692971184,3.44404855408026,3.36206644206784,3.23498857016071
YOR130C,3.06725692971184,3.44404855408026,3.36206644206784,3.23498857016071
YNL055C,3.06725692971184,3.44404855408026,3.36206644206784,3.23498857016071
YIL114C,3.06725692971184,3.44404855408026,3.36206644206784,3.23498857016071
YKL120W,3.06725692971184,3.44404855408026,3.36206644206784,3.23498857016071
YJR077C,3.06725692971184,3.44404855408026,3.36206644206784,3.23498857016071
YER053C,3.06725692971184,3.44404855408026,3.36206644206784,3.23498857016071
YGL080W,3.06725692971184,3.44404855408026,3.36206644206784,3.23498857016071
YHR162W,3.06725692971184,3.44404855408026,3.36206644206784,3.23498857016071
YGR243W,3.06725692971184,3.44404855408026,3.36206644206784,3.23498857016071
YGR096W,3.06725692971184,3.44404855408026,3.36206644206784,3.23498857016071
YLR239C,3.06725692971184,3.44404855408026,3.36206644206784,3.23498857016071
YNL003C,3.06725692971184,3.44404855408026,3.36206644206784,3.23498857016071
YJR095W,3.06725692971184,3.44404855408026,3.36206644206784,3.23498857016071
YBR291C,3.06725692971184,3.44404855408026,3.36206644206784,3.23498857016071
YNL083W,3.06725692971184,3.44404855408026,3.36206644206784,3.23498857016071
YFR045W,3.06725692971184,3.44404855408026,3.36206644206784,3.23498857016071
YPR011C,3.06725692971184,3.44404855408026,3.36206644206784,3.23498857016071
YDR036C,4.22559079629176,4.21555696765031,4.22964401523945,4.24479376214579
YDR347W,4.22559079629176,4.21555696765031,4.22964401523945,4.24479376214579
YDL045W-A,4.22559079629176,4.21555696765031,4.22964401523945,4.24479376214579
YGR084C,4.22559079629176,4.21555696765031,4.22964401523945,4.24479376214579
YKL003C,4.22559079629176,4.21555696765031,4.22964401523945,4.24479376214579
YPR166C,4.22559079629176,4.21555696765031,4.22964401523945,4.24479376214579
YBL090W,4.22559079629176,4.21555696765031,4.22964401523945,4.24479376214579
YHL004W,4.22559079629176,4.21555696765031,4.22964401523945,4.24479376214579
YPL118W,4.22559079629176,4.21555696765031,4.22964401523945,4.24479376214579
YNL137C,4.22559079629176,4.21555696765031,4.22964401523945,4.24479376214579
YOR158W,4.22559079629176,4.21555696765031,4.22964401523945,4.24479376214579
YER050C,4.22559079629176,4.21555696765031,4.22964401523945,4.24479376214579
YDR494W,4.22559079629176,4.21555696765031,4.22964401523945,4.24479376214579
YDR041W,4.22559079629176,4.21555696765031,4.22964401523945,4.24479376214579
YNR036C,4.22559079629176,4.21555696765031,4.22964401523945,4.24479376214579
YPL013C,4.22559079629176,4.21555696765031,4.22964401523945,4.24479376214579
YMR188C,4.22559079629176,4.21555696765031,4.22964401523945,4.24479376214579
YNL306W,4.22559079629176,4.21555696765031,4.22964401523945,4.24479376214579
YNR037C,4.22559079629176,4.21555696765031,4.22964401523945,4.24479376214579
YGL129C,4.22559079629176,4.21555696765031,4.22964401523945,4.24479376214579
YDR175C,4.22559079629176,4.21555696765031,4.22964401523945,4.24479376214579
YIL093C,4.22559079629176,4.21555696765031,4.22964401523945,4.24479376214579
YJR101W,4.22559079629176,4.21555696765031,4.22964401523945,4.24479376214579
YDR337W,4.22559079629176,4.21555696765031,4.22964401523945,4.24479376214579
YGR165W,4.22559079629176,4.21555696765031,4.22964401523945,4.24479376214579
YBR251W,4.22559079629176,4.21555696765031,4.22964401523945,4.24479376214579
YJR113C,4.22559079629176,4.21555696765031,4.22964401523945,4.24479376214579
YMR158W,4.22559079629176,4.21555696765031,4.22964401523945,4.24479376214579
YBR146W,4.22559079629176,4.21555696765031,4.22964401523945,4.24479376214579
YNL081C,4.22559079629176,4.21555696765031,4.22964401523945,4.24479376214579
YFR049W,4.22559079629176,4.21555696765031,4.22964401523945,4.24479376214579
YNL122C,4.22559079629176,4.21555696765031,4.22964401523945,4.24479376214579
YCR046C,4.22559079629176,4.21555696765031,4.22964401523945,4.24479376214579
YCR071C,4.22559079629176,4.21555696765031,4.22964401523945,4.24479376214579
YDR116C,4.22559079629176,4.21555696765031,4.22964401523945,4.24479376214579
YNL284C,4.22559079629176,4.21555696765031,4.22964401523945,4.24479376214579
YDL202W,4.22559079629176,4.21555696765031,4.22964401523945,4.24479376214579
YGL068W,4.22559079629176,4.21555696765031,4.22964401523945,4.24479376214579
YKR006C,4.22559079629176,4.21555696765031,4.22964401523945,4.24479376214579
YLR312W-A,4.22559079629176,4.21555696765031,4.22964401523945,4.24479376214579
YBL038W,4.22559079629176,4.21555696765031,4.22964401523945,4.24479376214579
YNL252C,4.22559079629176,4.21555696765031,4.22964401523945,4.24479376214579
YNL185C,4.22559079629176,4.21555696765031,4.22964401523945,4.24479376214579
YNL005C,4.22559079629176,4.21555696765031,4.22964401523945,4.24479376214579
YKR085C,4.22559079629176,4.21555696765031,4.22964401523945,4.24479376214579
YNL177C,4.22559079629176,4.21555696765031,4.22964401523945,4.24479376214579
YOR150W,4.22559079629176,4.21555696765031,4.22964401523945,4.24479376214579
YMR193W,4.22559079629176,4.21555696765031,4.22964401523945,4.24479376214579
YGR076C,4.22559079629176,4.21555696765031,4.22964401523945,4.24479376214579
YBR282W,4.22559079629176,4.21555696765031,4.22964401523945,4.24479376214579
YDR462W,4.22559079629176,4.21555696765031,4.22964401523945,4.24479376214579
YMR024W,4.22559079629176,4.21555696765031,4.22964401523945,4.24479376214579
YKL138C,4.22559079629176,4.21555696765031,4.22964401523945,4.24479376214579
YCR003W,4.22559079629176,4.21555696765031,4.22964401523945,4.24479376214579
YMR286W,4.22559079629176,4.21555696765031,4.22964401523945,4.24479376214579
YDR115W,4.22559079629176,4.21555696765031,4.22964401523945,4.24479376214579
YDR322W,4.22559079629176,4.21555696765031,4.22964401523945,4.24479376214579
YBR122C,4.22559079629176,4.21555696765031,4.22964401523945,4.24479376214579
YBR268W,4.22559079629176,4.21555696765031,4.22964401523945,4.24479376214579
YKL170W,4.22559079629176,4.21555696765031,4.22964401523945,4.24479376214579
YML009C,4.22559079629176,4.21555696765031,4.22964401523945,4.24479376214579
YLR439W,4.22559079629176,4.21555696765031,4.22964401523945,4.24479376214579
YPL173W,4.22559079629176,4.21555696765031,4.22964401523945,4.24479376214579
YDR405W,4.22559079629176,4.21555696765031,4.22964401523945,4.24479376214579
YMR225C,4.22559079629176,4.21555696765031,4.22964401523945,4.24479376214579
YJL096W,4.22559079629176,4.21555696765031,4.22964401523945,4.24479376214579
YNR022C,4.22559079629176,4.21555696765031,4.22964401523945,4.24479376214579
YPR100W,4.22559079629176,4.21555696765031,4.22964401523945,4.24479376214579
YHR147C,4.22559079629176,4.21555696765031,4.22964401523945,4.24479376214579
YDR237W,4.22559079629176,4.21555696765031,4.22964401523945,4.24479376214579
YJL063C,4.22559079629176,4.21555696765031,4.22964401523945,4.24479376214579
YGR220C,4.22559079629176,4.21555696765031,4.22964401523945,4.24479376214579
YKL167C,4.22559079629176,4.21555696765031,4.22964401523945,4.24479376214579
YEL050C,4.22559079629176,4.21555696765031,4.22964401523945,4.24479376214579
YPL183W-A,4.22559079629176,4.21555696765031,4.22964401523945,4.24479376214579
YML025C,4.22559079629176,4.21555696765031,4.22964401523945,4.24479376214579
YKL166C,4.22559079629176,4.21555696765031,4.22964401523945,4.24479376214579
YHR168W,4.22559079629176,4.21555696765031,4.22964401523945,4.24479376214579
YGR215W,4.22559079629176,4.21555696765031,4.22964401523945,4.24479376214579
YDR296W,4.22559079629176,4.21555696765031,4.22964401523945,4.24479376214579
YLR204W,4.22559079629176,4.21555696765031,4.22964401523945,4.24479376214579
YHR059W,4.22559079629176,4.21555696765031,4.22964401523945,4.24479376214579
Q0140,4.22559079629176,4.21555696765031,4.22964401523945,4.24479376214579
YDL088C,2.12771518070045,2.0810927695351,2.29893980811094,1.90298895041107
YML031W,2.12771518070045,2.0810927695351,2.29893980811094,1.90298895041107
YFR002W,2.12771518070045,2.0810927695351,2.29893980811094,1.90298895041107
YJL041W,2.12771518070045,2.0810927695351,2.29893980811094,1.90298895041107
YOR098C,2.12771518070045,2.0810927695351,2.29893980811094,1.90298895041107
YKL068W,2.12771518070045,2.0810927695351,2.29893980811094,1.90298895041107
YMR047C,2.12771518070045,2.0810927695351,2.29893980811094,1.90298895041107
YKL057C,2.12771518070045,2.0810927695351,2.29893980811094,1.90298895041107
YKR082W,2.12771518070045,2.0810927695351,2.29893980811094,1.90298895041107
YGL092W,2.12771518070045,2.0810927695351,2.29893980811094,1.90298895041107
YER105C,2.12771518070045,2.0810927695351,2.29893980811094,1.90298895041107
YIL115C,2.12771518070045,2.0810927695351,2.29893980811094,1.90298895041107
YBL079W,2.12771518070045,2.0810927695351,2.29893980811094,1.90298895041107
YML103C,2.12771518070045,2.0810927695351,2.29893980811094,1.90298895041107
YJL039C,2.12771518070045,2.0810927695351,2.29893980811094,1.90298895041107
YLR335W,2.12771518070045,2.0810927695351,2.29893980811094,1.90298895041107
YDR192C,2.12771518070045,2.0810927695351,2.29893980811094,1.90298895041107
YGL172W,2.12771518070045,2.0810927695351,2.29893980811094,1.90298895041107
YMR153W,2.12771518070045,2.0810927695351,2.29893980811094,1.90298895041107
YGR119C,2.12771518070045,2.0810927695351,2.29893980811094,1.90298895041107
YAR002W,2.12771518070045,2.0810927695351,2.29893980811094,1.90298895041107
YDL116W,2.12771518070045,2.0810927695351,2.29893980811094,1.90298895041107
YJR042W,2.12771518070045,2.0810927695351,2.29893980811094,1.90298895041107
YMR129W,2.12771518070045,2.0810927695351,2.29893980811094,1.90298895041107
YLR018C,2.12771518070045,2.0810927695351,2.29893980811094,1.90298895041107
YGL100W,2.12771518070045,2.0810927695351,2.29893980811094,1.90298895041107
YLR208W,2.12771518070045,2.0810927695351,2.29893980811094,1.90298895041107
YLR359W,3.36361879937547,3.62959189562295,3.54891232795894,3.41276588822503
YNL220W,3.36361879937547,3.62959189562295,3.54891232795894,3.41276588822503
YMR300C,3.36361879937547,3.62959189562295,3.54891232795894,3.41276588822503
YLR028C,3.36361879937547,3.62959189562295,3.54891232795894,3.41276588822503
YMR120C,3.36361879937547,3.62959189562295,3.54891232795894,3.41276588822503
YGL234W,3.36361879937547,3.62959189562295,3.54891232795894,3.41276588822503
YBL039C,3.36361879937547,3.62959189562295,3.54891232795894,3.41276588822503
YJR103W,3.36361879937547,3.62959189562295,3.54891232795894,3.41276588822503
YLR420W,3.36361879937547,3.62959189562295,3.54891232795894,3.41276588822503
YKL216W,3.36361879937547,3.62959189562295,3.54891232795894,3.41276588822503
YHR216W,3.36361879937547,3.62959189562295,3.54891232795894,3.41276588822503
YLR432W,3.36361879937547,3.62959189562295,3.54891232795894,3.41276588822503
YML056C,3.36361879937547,3.62959189562295,3.54891232795894,3.41276588822503
YML106W,3.36361879937547,3.62959189562295,3.54891232795894,3.41276588822503
YMR271C,3.36361879937547,3.62959189562295,3.54891232795894,3.41276588822503
YEL021W,3.36361879937547,3.62959189562295,3.54891232795894,3.41276588822503
YOR128C,3.36361879937547,3.62959189562295,3.54891232795894,3.41276588822503
YAR015W,3.36361879937547,3.62959189562295,3.54891232795894,3.41276588822503
YGR061C,3.36361879937547,3.62959189562295,3.54891232795894,3.41276588822503
YDR408C,3.36361879937547,3.62959189562295,3.54891232795894,3.41276588822503
YJL130C,3.36361879937547,3.62959189562295,3.54891232795894,3.41276588822503
YAR073W,3.36361879937547,3.62959189562295,3.54891232795894,3.41276588822503
YJR057W,3.36361879937547,3.62959189562295,3.54891232795894,3.41276588822503
YOR074C,3.36361879937547,3.62959189562295,3.54891232795894,3.41276588822503
Q0080,5.3896473940123,5.54370928807405,5.27851663652347,5.2995117435824
YPL078C,5.3896473940123,5.54370928807405,5.27851663652347,5.2995117435824
YDR298C,5.3896473940123,5.54370928807405,5.27851663652347,5.2995117435824
Q0130,5.3896473940123,5.54370928807405,5.27851663652347,5.2995117435824
Q0085,5.3896473940123,5.54370928807405,5.27851663652347,5.2995117435824
YBL099W,5.3896473940123,5.54370928807405,5.27851663652347,5.2995117435824
YJR121W,5.3896473940123,5.54370928807405,5.27851663652347,5.2995117435824
YKL016C,5.3896473940123,5.54370928807405,5.27851663652347,5.2995117435824
YDL004W,5.3896473940123,5.54370928807405,5.27851663652347,5.2995117435824
YDR322C-A,5.3896473940123,5.54370928807405,5.27851663652347,5.2995117435824
YPL271W,5.3896473940123,5.54370928807405,5.27851663652347,5.2995117435824
YDR377W,5.3896473940123,5.54370928807405,5.27851663652347,5.2995117435824
YPR020W,5.3896473940123,5.54370928807405,5.27851663652347,5.2995117435824
YBR039W,5.3896473940123,5.54370928807405,5.27851663652347,5.2995117435824
YLR295C,5.3896473940123,5.54370928807405,5.27851663652347,5.2995117435824
YML081C-A,5.3896473940123,5.54370928807405,5.27851663652347,5.2995117435824
YOL077W-A,5.3896473940123,5.54370928807405,5.27851663652347,5.2995117435824
Q0105,5.3896473940123,5.54370928807405,5.27851663652347,5.2995117435824
YBL045C,5.3896473940123,5.54370928807405,5.27851663652347,5.2995117435824
YHR001W-A,5.3896473940123,5.54370928807405,5.27851663652347,5.2995117435824
YPR191W,5.3896473940123,5.54370928807405,5.27851663652347,5.2995117435824
YFR033C,5.3896473940123,5.54370928807405,5.27851663652347,5.2995117435824
YDR529C,5.3896473940123,5.54370928807405,5.27851663652347,5.2995117435824
YJL166W,5.3896473940123,5.54370928807405,5.27851663652347,5.2995117435824
YGR183C,5.3896473940123,5.54370928807405,5.27851663652347,5.2995117435824
YEL024W,5.3896473940123,5.54370928807405,5.27851663652347,5.2995117435824
YML054C,5.3896473940123,5.54370928807405,5.27851663652347,5.2995117435824
YJR048W,5.3896473940123,5.54370928807405,5.27851663652347,5.2995117435824
YEL039C,5.3896473940123,5.54370928807405,5.27851663652347,5.2995117435824
Q0045,5.3896473940123,5.54370928807405,5.27851663652347,5.2995117435824
YLR038C,5.3896473940123,5.54370928807405,5.27851663652347,5.2995117435824
YGL191W,5.3896473940123,5.54370928807405,5.27851663652347,5.2995117435824
Q0250,5.3896473940123,5.54370928807405,5.27851663652347,5.2995117435824
YDR119W-A,5.3896473940123,5.54370928807405,5.27851663652347,5.2995117435824
Q0275,5.3896473940123,5.54370928807405,5.27851663652347,5.2995117435824
YGL187C,5.3896473940123,5.54370928807405,5.27851663652347,5.2995117435824
YNL052W,5.3896473940123,5.54370928807405,5.27851663652347,5.2995117435824
YIL111W,5.3896473940123,5.54370928807405,5.27851663652347,5.2995117435824
YHR051W,5.3896473940123,5.54370928807405,5.27851663652347,5.2995117435824
YMR256C,5.3896473940123,5.54370928807405,5.27851663652347,5.2995117435824
YLR395C,5.3896473940123,5.54370928807405,5.27851663652347,5.2995117435824
YDL067C,5.3896473940123,5.54370928807405,5.27851663652347,5.2995117435824
YKR066C,5.3896473940123,5.54370928807405,5.27851663652347,5.2995117435824
YOR065W,5.3896473940123,5.54370928807405,5.27851663652347,5.2995117435824
YMR145C,5.3896473940123,5.54370928807405,5.27851663652347,5.2995117435824
YDL085W,5.3896473940123,5.54370928807405,5.27851663652347,5.2995117435824
YIL155C,5.3896473940123,5.54370928807405,5.27851663652347,5.2995117435824
YML120C,5.3896473940123,5.54370928807405,5.27851663652347,5.2995117435824
YHR183W,3.37132133642399,3.1732495977904,2.94443607677706,3.46322728485752
YGR256W,3.37132133642399,3.1732495977904,2.94443607677706,3.46322728485752
YHR163W,3.37132133642399,3.1732495977904,2.94443607677706,3.46322728485752
YGR248W,3.37132133642399,3.1732495977904,2.94443607677706,3.46322728485752
YNL241C,3.37132133642399,3.1732495977904,2.94443607677706,3.46322728485752
YOR095C,3.37132133642399,3.1732495977904,2.94443607677706,3.46322728485752
YJL121C,3.37132133642399,3.1732495977904,2.94443607677706,3.46322728485752
YLR354C,3.37132133642399,3.1732495977904,2.94443607677706,3.46322728485752
YGR043C,3.37132133642399,3.1732495977904,2.94443607677706,3.46322728485752
YPR074C,3.37132133642399,3.1732495977904,2.94443607677706,3.46322728485752
YBR117C,3.37132133642399,3.1732495977904,2.94443607677706,3.46322728485752
YDL052C,2.43937420528098,2.41873680058156,2.46588236920599,2.31448846843242
YCL004W,2.43937420528098,2.41873680058156,2.46588236920599,2.31448846843242
YER026C,2.43937420528098,2.41873680058156,2.46588236920599,2.31448846843242
YLR133W,2.43937420528098,2.41873680058156,2.46588236920599,2.31448846843242
YGR202C,2.43937420528098,2.41873680058156,2.46588236920599,2.31448846843242
YHR123W,2.43937420528098,2.41873680058156,2.46588236920599,2.31448846843242
YNL130C,2.43937420528098,2.41873680058156,2.46588236920599,2.31448846843242
YDR147W,2.43937420528098,2.41873680058156,2.46588236920599,2.31448846843242
YGR007W,2.43937420528098,2.41873680058156,2.46588236920599,2.31448846843242
YBL011W,2.43937420528098,2.41873680058156,2.46588236920599,2.31448846843242
YKR067W,2.43937420528098,2.41873680058156,2.46588236920599,2.31448846843242
YBR029C,2.43937420528098,2.41873680058156,2.46588236920599,2.31448846843242
YGR046W,2.43937420528098,2.41873680058156,2.46588236920599,2.31448846843242
YJR073C,2.43937420528098,2.41873680058156,2.46588236920599,2.31448846843242
YGR157W,2.43937420528098,2.41873680058156,2.46588236920599,2.31448846843242
YHR100C,2.43937420528098,2.41873680058156,2.46588236920599,2.31448846843242
YNL169C,2.43937420528098,2.41873680058156,2.46588236920599,2.31448846843242
YGR170W,2.43937420528098,2.41873680058156,2.46588236920599,2.31448846843242
YDL247W,2.55449393993036,2.94022698982202,2.78502643243693,2.7236374703359
YJR160C,2.55449393993036,2.94022698982202,2.78502643243693,2.7236374703359
YDR384C,2.55449393993036,2.94022698982202,2.78502643243693,2.7236374703359
YGR121C,2.55449393993036,2.94022698982202,2.78502643243693,2.7236374703359
YNL142W,2.55449393993036,2.94022698982202,2.78502643243693,2.7236374703359
YPR138C,2.55449393993036,2.94022698982202,2.78502643243693,2.7236374703359
YPR192W,2.55449393993036,2.94022698982202,2.78502643243693,2.7236374703359
YLL052C,2.55449393993036,2.94022698982202,2.78502643243693,2.7236374703359
YOR011W,2.55449393993036,2.94022698982202,2.78502643243693,2.7236374703359
YIL013C,2.55449393993036,2.94022698982202,2.78502643243693,2.7236374703359
YNL270C,2.55449393993036,2.94022698982202,2.78502643243693,2.7236374703359
YGL077C,2.55449393993036,2.94022698982202,2.78502643243693,2.7236374703359
YPL265W,2.55449393993036,2.94022698982202,2.78502643243693,2.7236374703359
YDL210W,2.55449393993036,2.94022698982202,2.78502643243693,2.7236374703359
YCL025C,2.55449393993036,2.94022698982202,2.78502643243693,2.7236374703359
YBR132C,2.55449393993036,2.94022698982202,2.78502643243693,2.7236374703359
YFL055W,2.55449393993036,2.94022698982202,2.78502643243693,2.7236374703359
YKR039W,2.55449393993036,2.94022698982202,2.78502643243693,2.7236374703359
YLL043W,2.55449393993036,2.94022698982202,2.78502643243693,2.7236374703359
YCR098C,2.55449393993036,2.94022698982202,2.78502643243693,2.7236374703359
YDR508C,2.55449393993036,2.94022698982202,2.78502643243693,2.7236374703359
YGR055W,2.55449393993036,2.94022698982202,2.78502643243693,2.7236374703359
YGR260W,2.55449393993036,2.94022698982202,2.78502643243693,2.7236374703359
YJL129C,2.55449393993036,2.94022698982202,2.78502643243693,2.7236374703359
YGR191W,2.55449393993036,2.94022698982202,2.78502643243693,2.7236374703359
YML123C,2.55449393993036,2.94022698982202,2.78502643243693,2.7236374703359
YCR037C,2.55449393993036,2.94022698982202,2.78502643243693,2.7236374703359
YBR068C,2.55449393993036,2.94022698982202,2.78502643243693,2.7236374703359
YMR319C,2.55449393993036,2.94022698982202,2.78502643243693,2.7236374703359
YHL036W,2.55449393993036,2.94022698982202,2.78502643243693,2.7236374703359
YJL198W,2.55449393993036,2.94022698982202,2.78502643243693,2.7236374703359
YNR013C,2.55449393993036,2.94022698982202,2.78502643243693,2.7236374703359
YNL268W,2.55449393993036,2.94022698982202,2.78502643243693,2.7236374703359
YDR497C,2.55449393993036,2.94022698982202,2.78502643243693,2.7236374703359
YOL103W,2.55449393993036,2.94022698982202,2.78502643243693,2.7236374703359
YLR138W,2.55449393993036,2.94022698982202,2.78502643243693,2.7236374703359
YAL022C,2.55449393993036,2.94022698982202,2.78502643243693,2.7236374703359
YJL212C,2.55449393993036,2.94022698982202,2.78502643243693,2.7236374703359
YCR028C,2.55449393993036,2.94022698982202,2.78502643243693,2.7236374703359
YBR296C,2.55449393993036,2.94022698982202,2.78502643243693,2.7236374703359
YGL008C,2.55449393993036,2.94022698982202,2.78502643243693,2.7236374703359
YPL036W,2.55449393993036,2.94022698982202,2.78502643243693,2.7236374703359
YLL028W,2.55449393993036,2.94022698982202,2.78502643243693,2.7236374703359
YGR138C,2.55449393993036,2.94022698982202,2.78502643243693,2.7236374703359
YPR156C,2.55449393993036,2.94022698982202,2.78502643243693,2.7236374703359
YOR273C,2.55449393993036,2.94022698982202,2.78502643243693,2.7236374703359
YKL174C,2.55449393993036,2.94022698982202,2.78502643243693,2.7236374703359
YOR348C,2.55449393993036,2.94022698982202,2.78502643243693,2.7236374703359
YER056C,2.55449393993036,2.94022698982202,2.78502643243693,2.7236374703359
YER060W,2.55449393993036,2.94022698982202,2.78502643243693,2.7236374703359
YER060W-A,2.55449393993036,2.94022698982202,2.78502643243693,2.7236374703359
YPL274W,2.55449393993036,2.94022698982202,2.78502643243693,2.7236374703359
YLL061W,2.55449393993036,2.94022698982202,2.78502643243693,2.7236374703359
YDR536W,2.55449393993036,2.94022698982202,2.78502643243693,2.7236374703359
YBR294W,2.55449393993036,2.94022698982202,2.78502643243693,2.7236374703359
YLR092W,2.55449393993036,2.94022698982202,2.78502643243693,2.7236374703359
YPL092W,2.55449393993036,2.94022698982202,2.78502643243693,2.7236374703359
YLR237W,2.55449393993036,2.94022698982202,2.78502643243693,2.7236374703359
YOR192C,2.55449393993036,2.94022698982202,2.78502643243693,2.7236374703359
YOL020W,2.55449393993036,2.94022698982202,2.78502643243693,2.7236374703359
YBR021W,2.55449393993036,2.94022698982202,2.78502643243693,2.7236374703359
YHL016C,2.55449393993036,2.94022698982202,2.78502643243693,2.7236374703359
YBL042C,2.55449393993036,2.94022698982202,2.78502643243693,2.7236374703359
YDR046C,2.55449393993036,2.94022698982202,2.78502643243693,2.7236374703359
YBR069C,2.55449393993036,2.94022698982202,2.78502643243693,2.7236374703359
YGL186C,2.55449393993036,2.94022698982202,2.78502643243693,2.7236374703359
YGR065C,2.55449393993036,2.94022698982202,2.78502643243693,2.7236374703359
YDR363W-A,4.93611847581272,5.11136868386755,4.91716196221273,4.6992402129923
YDL007W,4.93611847581272,5.11136868386755,4.91716196221273,4.6992402129923
YOR117W,4.93611847581272,5.11136868386755,4.91716196221273,4.6992402129923
YDR394W,4.93611847581272,5.11136868386755,4.91716196221273,4.6992402129923
YKL145W,4.93611847581272,5.11136868386755,4.91716196221273,4.6992402129923
YGL048C,4.93611847581272,5.11136868386755,4.91716196221273,4.6992402129923
YHR027C,4.93611847581272,5.11136868386755,4.91716196221273,4.6992402129923
YHR200W,4.93611847581272,5.11136868386755,4.91716196221273,4.6992402129923
YFR052W,4.93611847581272,5.11136868386755,4.91716196221273,4.6992402129923
YLR421C,4.93611847581272,5.11136868386755,4.91716196221273,4.6992402129923
YGL004C,4.93611847581272,5.11136868386755,4.91716196221273,4.6992402129923
YIL075C,4.93611847581272,5.11136868386755,4.91716196221273,4.6992402129923
YER021W,4.93611847581272,5.11136868386755,4.91716196221273,4.6992402129923
YDL147W,4.93611847581272,5.11136868386755,4.91716196221273,4.6992402129923
YDL097C,4.93611847581272,5.11136868386755,4.91716196221273,4.6992402129923
YPR108W,4.93611847581272,5.11136868386755,4.91716196221273,4.6992402129923
YOR261C,4.93611847581272,5.11136868386755,4.91716196221273,4.6992402129923
YDR427W,4.93611847581272,5.11136868386755,4.91716196221273,4.6992402129923
YOR259C,4.93611847581272,5.11136868386755,4.91716196221273,4.6992402129923
YIL007C,4.93611847581272,5.11136868386755,4.91716196221273,4.6992402129923
YGR232W,4.93611847581272,5.11136868386755,4.91716196221273,4.6992402129923
YPL074W,4.93611847581272,5.11136868386755,4.91716196221273,4.6992402129923
YOR362C,4.93611847581272,5.11136868386755,4.91716196221273,4.6992402129923
YFL007W,4.93611847581272,5.11136868386755,4.91716196221273,4.6992402129923
YKL206C,4.93611847581272,5.11136868386755,4.91716196221273,4.6992402129923
YLR199C,4.93611847581272,5.11136868386755,4.91716196221273,4.6992402129923
YLR021W,4.93611847581272,5.11136868386755,4.91716196221273,4.6992402129923
YPL144W,4.93611847581272,5.11136868386755,4.91716196221273,4.6992402129923
YHL030W,4.93611847581272,5.11136868386755,4.91716196221273,4.6992402129923
YBR173C,4.93611847581272,5.11136868386755,4.91716196221273,4.6992402129923
YGL011C,4.93611847581272,5.11136868386755,4.91716196221273,4.6992402129923
YML092C,4.93611847581272,5.11136868386755,4.91716196221273,4.6992402129923
YGR135W,4.93611847581272,5.11136868386755,4.91716196221273,4.6992402129923
YOL038W,4.93611847581272,5.11136868386755,4.91716196221273,4.6992402129923
YGR253C,4.93611847581272,5.11136868386755,4.91716196221273,4.6992402129923
YMR314W,4.93611847581272,5.11136868386755,4.91716196221273,4.6992402129923
YJL001W,4.93611847581272,5.11136868386755,4.91716196221273,4.6992402129923
YOR157C,4.93611847581272,5.11136868386755,4.91716196221273,4.6992402129923
YER094C,4.93611847581272,5.11136868386755,4.91716196221273,4.6992402129923
YER012W,4.93611847581272,5.11136868386755,4.91716196221273,4.6992402129923
YPR103W,4.93611847581272,5.11136868386755,4.91716196221273,4.6992402129923
YBL041W,4.93611847581272,5.11136868386755,4.91716196221273,4.6992402129923
YFR050C,4.93611847581272,5.11136868386755,4.91716196221273,4.6992402129923
YHR052W,2.62726872594886,1.71260831051104,2.41841835982796,2.50595518863697
YFR004W,4.93611847581272,5.11136868386755,4.91716196221273,4.6992402129923
YOR020C,3.65793844708025,3.82944779921161,3.63860925351952,3.88724342304924
YMR186W,3.65793844708025,3.82944779921161,3.63860925351952,3.88724342304924
YPL240C,3.65793844708025,3.82944779921161,3.63860925351952,3.88724342304924
YLL026W,3.65793844708025,3.82944779921161,3.63860925351952,3.88724342304924
YLR259C,3.65793844708025,3.82944779921161,3.63860925351952,3.88724342304924
YDR258C,3.65793844708025,3.82944779921161,3.63860925351952,3.88724342304924
YPL106C,3.65793844708025,3.82944779921161,3.63860925351952,3.88724342304924
YBR169C,3.65793844708025,3.82944779921161,3.63860925351952,3.88724342304924
YBL075C,3.65793844708025,3.82944779921161,3.63860925351952,3.88724342304924
YER103W,3.65793844708025,3.82944779921161,3.63860925351952,3.88724342304924
YDL229W,3.65793844708025,3.82944779921161,3.63860925351952,3.88724342304924
YNL209W,3.65793844708025,3.82944779921161,3.63860925351952,3.88724342304924
YGR214W,10,10,10,10
YLR048W,10,10,10,10
YLR441C,10,10,10,10
YML063W,10,10,10,10
YOR293W,10,10,10,10
YMR230W,10,10,10,10
YDR025W,10,10,10,10
YBR048W,10,10,10,10
YOR369C,10,10,10,10
YDR064W,10,10,10,10
YCR031C,10,10,10,10
YJL191W,10,10,10,10
YOL040C,10,10,10,10
YMR143W,10,10,10,10
YDL083C,10,10,10,10
YML024W,10,10,10,10
YDR447C,10,10,10,10
YDR450W,10,10,10,10
YML026C,10,10,10,10
YOL121C,10,10,10,10
YNL302C,10,10,10,10
YGL123W,10,10,10,10
YHL015W,10,10,10,10
YKR057W,10,10,10,10
YJL136C,10,10,10,10
YJL190C,10,10,10,10
YLR367W,10,10,10,10
YGR118W,10,10,10,10
YPR132W,10,10,10,10
YER074W,10,10,10,10
YIL069C,10,10,10,10
YGR027C,10,10,10,10
YLR333C,10,10,10,10
YGL189C,10,10,10,10
YER131W,10,10,10,10
YKL156W,10,10,10,10
YHR021C,10,10,10,10
YOR167C,10,10,10,10
YLR264W,10,10,10,10
YLR388W,10,10,10,10
YDL061C,10,10,10,10
YNL178W,10,10,10,10
YLR287C-A,10,10,10,10
YOR182C,10,10,10,10
YJR145C,10,10,10,10
YHR203C,10,10,10,10
YJR123W,10,10,10,10
YPL090C,10,10,10,10
YBR181C,10,10,10,10
YOR096W,10,10,10,10
YNL096C,10,10,10,10
YBL072C,10,10,10,10
YER102W,10,10,10,10
YPL081W,10,10,10,10
YBR189W,10,10,10,10
YLR340W,10,10,10,10
YDL081C,10,10,10,10
YDL130W,10,10,10,10
YOL039W,10,10,10,10
YDR382W,10,10,10,10
YPL220W,10,10,10,10
YGL135W,10,10,10,10
YLR075W,10,10,10,10
YPR102C,10,10,10,10
YGR085C,10,10,10,10
YEL054C,10,10,10,10
YDR418W,10,10,10,10
YDL082W,10,10,10,10
YMR142C,10,10,10,10
YKL006W,10,10,10,10
YHL001W,10,10,10,10
YLR029C,10,10,10,10
YMR121C,10,10,10,10
YIL133C,10,10,10,10
YNL069C,10,10,10,10
YKL180W,10,10,10,10
YJL177W,10,10,10,10
YOL120C,10,10,10,10
YNL301C,10,10,10,10
YBR084C-A,10,10,10,10
YBL027W,10,10,10,10
YFR031C-A,10,10,10,10
YIL018W,10,10,10,10
YMR242C,10,10,10,10
YOR312C,10,10,10,10
YBR191W,10,10,10,10
YPL079W,10,10,10,10
YLR061W,10,10,10,10
YFL034C-A,10,10,10,10
YBL087C,10,10,10,10
YER117W,10,10,10,10
YGL031C,10,10,10,10
YGR148C,10,10,10,10
YOL127W,10,10,10,10
YLR344W,10,10,10,10
YGR034W,10,10,10,10
YHR010W,10,10,10,10
YDR471W,10,10,10,10
YGL103W,10,10,10,10
YFR032C-A,10,10,10,10
YOR063W,10,10,10,10
YGL030W,10,10,10,10
YDL075W,10,10,10,10
YLR406C,10,10,10,10
YBL092W,10,10,10,10
YPL143W,10,10,10,10
YOR234C,10,10,10,10
YER056C-A,10,10,10,10
YIL052C,10,10,10,10
YDL191W,10,10,10,10
YDL136W,10,10,10,10
YMR194W,10,10,10,10
YPL249C-A,10,10,10,10
YLR185W,10,10,10,10
YDR500C,10,10,10,10
YLR325C,10,10,10,10
YJL189W,10,10,10,10
YBR031W,10,10,10,10
YDR012W,10,10,10,10
YDL184C,10,10,10,10
YDL133C-A,10,10,10,10
YNL162W,10,10,10,10
YHR141C,10,10,10,10
YPR043W,10,10,10,10
YJR094W-A,10,10,10,10
YPL131W,10,10,10,10
YML073C,10,10,10,10
YLR448W,10,10,10,10
YGL076C,10,10,10,10
YPL198W,10,10,10,10
YHL033C,10,10,10,10
YLL045C,10,10,10,10
YGL147C,10,10,10,10
YNL067W,10,10,10,10
YLR167W,10,10,10,10
YIL148W,10,10,10,10
YKR094C,10,10,10,10
YEL026W,2.62726872594886,1.71260831051104,2.41841835982796,2.50595518863697
YNL061W,2.62726872594886,1.71260831051104,2.41841835982796,2.50595518863697
YCL054W,2.62726872594886,1.71260831051104,2.41841835982796,2.50595518863697
YGL173C,2.62726872594886,1.71260831051104,2.41841835982796,2.50595518863697
YOR048C,2.62726872594886,1.71260831051104,2.41841835982796,2.50595518863697
YHR170W,2.62726872594886,1.71260831051104,2.41841835982796,2.50595518863697
YFR001W,2.62726872594886,1.71260831051104,2.41841835982796,2.50595518863697
YPL211W,2.62726872594886,1.71260831051104,2.41841835982796,2.50595518863697
YOL144W,2.62726872594886,1.71260831051104,2.41841835982796,2.50595518863697
YDL031W,2.62726872594886,1.71260831051104,2.41841835982796,2.50595518863697
YNL112W,2.62726872594886,1.71260831051104,2.41841835982796,2.50595518863697
YGL078C,2.62726872594886,1.71260831051104,2.41841835982796,2.50595518863697
YNR038W,2.62726872594886,1.71260831051104,2.41841835982796,2.50595518863697
YKR024C,2.62726872594886,1.71260831051104,2.41841835982796,2.50595518863697
YHR169W,2.62726872594886,1.71260831051104,2.41841835982796,2.50595518863697
YLR276C,2.62726872594886,1.71260831051104,2.41841835982796,2.50595518863697
YJL050W,2.62726872594886,1.71260831051104,2.41841835982796,2.50595518863697
YLL008W,2.62726872594886,1.71260831051104,2.41841835982796,2.50595518863697
YDR021W,2.62726872594886,1.71260831051104,2.41841835982796,2.50595518863697
YMR290C,2.62726872594886,1.71260831051104,2.41841835982796,2.50595518863697
YJL033W,2.62726872594886,1.71260831051104,2.41841835982796,2.50595518863697
YBR142W,2.62726872594886,1.71260831051104,2.41841835982796,2.50595518863697
YGL171W,2.62726872594886,1.71260831051104,2.41841835982796,2.50595518863697
YHR065C,2.62726872594886,1.71260831051104,2.41841835982796,2.50595518863697
YFL002C,2.62726872594886,1.71260831051104,2.41841835982796,2.50595518863697
YLR397C,2.62726872594886,1.71260831051104,2.41841835982796,2.50595518863697
YLR074C,2.62726872594886,1.71260831051104,2.41841835982796,2.50595518863697
YOR078W,2.62726872594886,1.71260831051104,2.41841835982796,2.50595518863697
YIL035C,2.62726872594886,1.71260831051104,2.41841835982796,2.50595518863697
YOR061W,2.62726872594886,1.71260831051104,2.41841835982796,2.50595518863697
YGL019W,2.62726872594886,1.71260831051104,2.41841835982796,2.50595518863697
YOR039W,2.62726872594886,1.71260831051104,2.41841835982796,2.50595518863697
YLR387C,2.62726872594886,1.71260831051104,2.41841835982796,2.50595518863697
YBR267W,2.62726872594886,1.71260831051104,2.41841835982796,2.50595518863697
YGL246C,2.62726872594886,1.71260831051104,2.41841835982796,2.50595518863697
YBR247C,2.62726872594886,1.71260831051104,2.41841835982796,2.50595518863697
YML074C,2.62726872594886,1.71260831051104,2.41841835982796,2.50595518863697
YLR449W,2.62726872594886,1.71260831051104,2.41841835982796,2.50595518863697
YLR175W,2.62726872594886,1.71260831051104,2.41841835982796,2.50595518863697
YAL005C,2.62726872594886,1.71260831051104,2.41841835982796,2.50595518863697
YLL024C,2.62726872594886,1.71260831051104,2.41841835982796,2.50595518863697
YLR430W,2.62726872594886,1.71260831051104,2.41841835982796,2.50595518863697
YNL227C,2.62726872594886,1.71260831051104,2.41841835982796,2.50595518863697
YCL059C,2.62726872594886,1.71260831051104,2.41841835982796,2.50595518863697
YGL099W,2.62726872594886,1.71260831051104,2.41841835982796,2.50595518863697
YLR106C,2.62726872594886,1.71260831051104,2.41841835982796,2.50595518863697
YPL169C,2.62726872594886,1.71260831051104,2.41841835982796,2.50595518863697
YKL186C,2.62726872594886,1.71260831051104,2.41841835982796,2.50595518863697
YPR112C,2.62726872594886,1.71260831051104,2.41841835982796,2.50595518863697
YPL126W,2.62726872594886,1.71260831051104,2.41841835982796,2.50595518863697
YER006W,2.62726872594886,1.71260831051104,2.41841835982796,2.50595518863697
YGR159C,2.62726872594886,1.71260831051104,2.41841835982796,2.50595518863697
YDL148C,2.62726872594886,1.71260831051104,2.41841835982796,2.50595518863697
YOR206W,2.62726872594886,1.71260831051104,2.41841835982796,2.50595518863697
YPR144C,2.62726872594886,1.71260831051104,2.41841835982796,2.50595518863697
YLR002C,2.62726872594886,1.71260831051104,2.41841835982796,2.50595518863697
YPL093W,2.62726872594886,1.71260831051104,2.41841835982796,2.50595518863697
YNR053C,2.62726872594886,1.71260831051104,2.41841835982796,2.50595518863697
YKL014C,2.62726872594886,1.71260831051104,2.41841835982796,2.50595518863697
YJR041C,2.62726872594886,1.71260831051104,2.41841835982796,2.50595518863697
YOL041C,2.62726872594886,1.71260831051104,2.41841835982796,2.50595518863697
YER002W,2.62726872594886,1.71260831051104,2.41841835982796,2.50595518863697
YGR251W,2.62726872594886,1.71260831051104,2.41841835982796,2.50595518863697
YPL043W,2.62726872594886,1.71260831051104,2.41841835982796,2.50595518863697
YLR197W,2.62726872594886,1.71260831051104,2.41841835982796,2.50595518863697
YOR310C,2.62726872594886,1.71260831051104,2.41841835982796,2.50595518863697
YDL213C,2.62726872594886,1.71260831051104,2.41841835982796,2.50595518863697
YJL010C,2.62726872594886,1.71260831051104,2.41841835982796,2.50595518863697
YLR059C,2.62726872594886,1.71260831051104,2.41841835982796,2.50595518863697
YCR057C,2.62726872594886,1.71260831051104,2.41841835982796,2.50595518863697
YGR103W,2.62726872594886,1.71260831051104,2.41841835982796,2.50595518863697
YGL120C,2.62726872594886,1.71260831051104,2.41841835982796,2.50595518863697
YDR365C,2.62726872594886,1.71260831051104,2.41841835982796,2.50595518863697
YNR054C,2.62726872594886,1.71260831051104,2.41841835982796,2.50595518863697
YHR085W,2.62726872594886,1.71260831051104,2.41841835982796,2.50595518863697
YNL182C,2.62726872594886,1.71260831051104,2.41841835982796,2.50595518863697
YHR197W,2.62726872594886,1.71260831051104,2.41841835982796,2.50595518863697
YMR128W,2.62726872594886,1.71260831051104,2.41841835982796,2.50595518863697
YKL078W,2.62726872594886,1.71260831051104,2.41841835982796,2.50595518863697
YDR101C,2.62726872594886,1.71260831051104,2.41841835982796,2.50595518863697
YKL143W,2.62726872594886,1.71260831051104,2.41841835982796,2.50595518863697
YKL021C,2.62726872594886,1.71260831051104,2.41841835982796,2.50595518863697
YAL025C,2.62726872594886,1.71260831051104,2.41841835982796,2.50595518863697
YGR280C,2.62726872594886,1.71260831051104,2.41841835982796,2.50595518863697
YGR245C,2.62726872594886,1.71260831051104,2.41841835982796,2.50595518863697
YLL011W,2.62726872594886,1.71260831051104,2.41841835982796,2.50595518863697
YNL224C,2.62726872594886,1.71260831051104,2.41841835982796,2.50595518863697
YDR496C,2.62726872594886,1.71260831051104,2.41841835982796,2.50595518863697
YEL055C,2.62726872594886,1.71260831051104,2.41841835982796,2.50595518863697
YOR294W,2.62726872594886,1.71260831051104,2.41841835982796,2.50595518863697
YLR186W,2.62726872594886,1.71260831051104,2.41841835982796,2.50595518863697
YDR087C,2.62726872594886,1.71260831051104,2.41841835982796,2.50595518863697
YPL012W,2.62726872594886,1.71260831051104,2.41841835982796,2.50595518863697
YKL082C,2.62726872594886,1.71260831051104,2.41841835982796,2.50595518863697
YPR143W,2.62726872594886,1.71260831051104,2.41841835982796,2.50595518863697
YDR412W,2.62726872594886,1.71260831051104,2.41841835982796,2.50595518863697
YCL031C,2.62726872594886,1.71260831051104,2.41841835982796,2.50595518863697
YPR137W,2.62726872594886,1.71260831051104,2.41841835982796,2.50595518863697
YKL009W,2.62726872594886,1.71260831051104,2.41841835982796,2.50595518863697
YNL163C,2.62726872594886,1.71260831051104,2.41841835982796,2.50595518863697
YLR221C,2.62726872594886,1.71260831051104,2.41841835982796,2.50595518863697
YCR072C,2.62726872594886,1.71260831051104,2.41841835982796,2.50595518863697
YIR012W,2.62726872594886,1.71260831051104,2.41841835982796,2.50595518863697
YLL034C,2.62726872594886,1.71260831051104,2.41841835982796,2.50595518863697
YNL110C,2.62726872594886,1.71260831051104,2.41841835982796,2.50595518863697
YJL122W,2.62726872594886,1.71260831051104,2.41841835982796,2.50595518863697
YPL217C,2.62726872594886,1.71260831051104,2.41841835982796,2.50595518863697
YOL077C,2.62726872594886,1.71260831051104,2.41841835982796,2.50595518863697
YMR049C,2.62726872594886,1.71260831051104,2.41841835982796,2.50595518863697
YDR060W,2.62726872594886,1.71260831051104,2.41841835982796,2.50595518863697
YPL146C,2.62726872594886,1.71260831051104,2.41841835982796,2.50595518863697
YGL111W,2.62726872594886,1.71260831051104,2.41841835982796,2.50595518863697
YER126C,2.62726872594886,1.71260831051104,2.41841835982796,2.50595518863697
YLR009W,2.62726872594886,1.71260831051104,2.41841835982796,2.50595518863697
YNL002C,2.62726872594886,1.71260831051104,2.41841835982796,2.50595518863697
YKR081C,2.62726872594886,1.71260831051104,2.41841835982796,2.50595518863697
YGR081C,2.62726872594886,1.71260831051104,2.41841835982796,2.50595518863697
YHR066W,2.62726872594886,1.71260831051104,2.41841835982796,2.50595518863697
YDR312W,2.62726872594886,1.71260831051104,2.41841835982796,2.50595518863697
YKR060W,2.62726872594886,1.71260831051104,2.41841835982796,2.50595518863697
YOR272W,2.62726872594886,1.71260831051104,2.41841835982796,2.50595518863697
YLR022C,2.62726872594886,1.71260831051104,2.41841835982796,2.50595518863697
YHR088W,2.62726872594886,1.71260831051104,2.41841835982796,2.50595518863697
YOL010W,2.62726872594886,1.71260831051104,2.41841835982796,2.50595518863697
YGR276C,2.62726872594886,1.71260831051104,2.41841835982796,2.50595518863697
YMR285C,2.62726872594886,1.71260831051104,2.41841835982796,2.50595518863697
YDL014W,2.62726872594886,1.71260831051104,2.41841835982796,2.50595518863697
YOR287C,2.62726872594886,1.71260831051104,2.41841835982796,2.50595518863697
YMR229C,2.62726872594886,1.71260831051104,2.41841835982796,2.50595518863697
YGL029W,2.62726872594886,1.71260831051104,2.41841835982796,2.50595518863697
YKL172W,2.62726872594886,1.71260831051104,2.41841835982796,2.50595518863697
YDR339C,2.62726872594886,1.71260831051104,2.41841835982796,2.50595518863697
YLR068W,2.62726872594886,1.71260831051104,2.41841835982796,2.50595518863697
YOR004W,2.62726872594886,1.71260831051104,2.41841835982796,2.50595518863697
YDL153C,2.62726872594886,1.71260831051104,2.41841835982796,2.50595518863697
YLR336C,2.62726872594886,1.71260831051104,2.41841835982796,2.50595518863697
YIR026C,2.62726872594886,1.71260831051104,2.41841835982796,2.50595518863697
YHR148W,2.62726872594886,1.71260831051104,2.41841835982796,2.50595518863697
YNL075W,2.62726872594886,1.71260831051104,2.41841835982796,2.50595518863697
YER127W,2.62726872594886,1.71260831051104,2.41841835982796,2.50595518863697
YJL109C,2.62726872594886,1.71260831051104,2.41841835982796,2.50595518863697
YKL099C,2.62726872594886,1.71260831051104,2.41841835982796,2.50595518863697
YLR129W,2.62726872594886,1.71260831051104,2.41841835982796,2.50595518863697
YLR222C,2.62726872594886,1.71260831051104,2.41841835982796,2.50595518863697
YML093W,2.62726872594886,1.71260831051104,2.41841835982796,2.50595518863697
YMR093W,2.62726872594886,1.71260831051104,2.41841835982796,2.50595518863697
YJL069C,2.62726872594886,1.71260831051104,2.41841835982796,2.50595518863697
YBL004W,2.62726872594886,1.71260831051104,2.41841835982796,2.50595518863697
YLR409C,2.62726872594886,1.71260831051104,2.41841835982796,2.50595518863697
YGR090W,2.62726872594886,1.71260831051104,2.41841835982796,2.50595518863697
YIL091C,2.62726872594886,1.71260831051104,2.41841835982796,2.50595518863697
YDR324C,2.62726872594886,1.71260831051104,2.41841835982796,2.50595518863697
YDR449C,2.62726872594886,1.71260831051104,2.41841835982796,2.50595518863697
YER082C,2.62726872594886,1.71260831051104,2.41841835982796,2.50595518863697
YGR128C,2.62726872594886,1.71260831051104,2.41841835982796,2.50595518863697
YHR196W,2.62726872594886,1.71260831051104,2.41841835982796,2.50595518863697
YJR002W,2.62726872594886,1.71260831051104,2.41841835982796,2.50595518863697
YBR265W,2.2632038397895,2.17576771629504,2.2316070364408,2.28796991017232
YKL008C,2.2632038397895,2.17576771629504,2.2316070364408,2.28796991017232
YHL003C,2.2632038397895,2.17576771629504,2.2316070364408,2.28796991017232
YER019W,2.2632038397895,2.17576771629504,2.2316070364408,2.28796991017232
YMR296C,2.2632038397895,2.17576771629504,2.2316070364408,2.28796991017232
YDR062W,2.2632038397895,2.17576771629504,2.2316070364408,2.28796991017232
YDR294C,2.2632038397895,2.17576771629504,2.2316070364408,2.28796991017232
YML075C,2.96682853550824,2.8222265376925,2.91684241745213,2.88194265322484
YLR450W,2.96682853550824,2.8222265376925,2.91684241745213,2.88194265322484
YPL028W,2.96682853550824,2.8222265376925,2.91684241745213,2.88194265322484
YNR043W,2.96682853550824,2.8222265376925,2.91684241745213,2.88194265322484
YJL167W,2.96682853550824,2.8222265376925,2.91684241745213,2.88194265322484
YPL069C,2.96682853550824,2.8222265376925,2.91684241745213,2.88194265322484
YML126C,2.96682853550824,2.8222265376925,2.91684241745213,2.88194265322484
YMR208W,2.96682853550824,2.8222265376925,2.91684241745213,2.88194265322484
YMR220W,2.96682853550824,2.8222265376925,2.91684241745213,2.88194265322484
YIL125W,4.34370775050334,4.82633608219148,4.74429563858059,4.37832834759813
YLR304C,4.34370775050334,4.82633608219148,4.74429563858059,4.37832834759813
YPR001W,4.34370775050334,4.82633608219148,4.74429563858059,4.37832834759813
YNR001C,4.34370775050334,4.82633608219148,4.74429563858059,4.37832834759813
YFL018C,4.34370775050334,4.82633608219148,4.74429563858059,4.37832834759813
YNL071W,4.34370775050334,4.82633608219148,4.74429563858059,4.37832834759813
YDR148C,4.34370775050334,4.82633608219148,4.74429563858059,4.37832834759813
YPL262W,4.34370775050334,4.82633608219148,4.74429563858059,4.37832834759813
YNL037C,4.34370775050334,4.82633608219148,4.74429563858059,4.37832834759813
YOR136W,4.34370775050334,4.82633608219148,4.74429563858059,4.37832834759813
YDL066W,4.34370775050334,4.82633608219148,4.74429563858059,4.37832834759813
YKL085W,4.34370775050334,4.82633608219148,4.74429563858059,4.37832834759813
YER178W,4.34370775050334,4.82633608219148,4.74429563858059,4.37832834759813
YDR178W,4.34370775050334,4.82633608219148,4.74429563858059,4.37832834759813
YKL141W,4.34370775050334,4.82633608219148,4.74429563858059,4.37832834759813
YJL045W,4.34370775050334,4.82633608219148,4.74429563858059,4.37832834759813
YKL148C,4.34370775050334,4.82633608219148,4.74429563858059,4.37832834759813
YLL041C,4.34370775050334,4.82633608219148,4.74429563858059,4.37832834759813
YDR457W,3.74051166798488,3.86118014190796,3.66967471928453,3.64858519218016
YHR005C-A,3.74051166798488,3.86118014190796,3.66967471928453,3.64858519218016
YBR091C,3.74051166798488,3.86118014190796,3.66967471928453,3.64858519218016
YGR181W,3.74051166798488,3.86118014190796,3.66967471928453,3.64858519218016
YLR008C,3.74051166798488,3.86118014190796,3.66967471928453,3.64858519218016
YJL104W,3.74051166798488,3.86118014190796,3.66967471928453,3.64858519218016
YJL143W,3.74051166798488,3.86118014190796,3.66967471928453,3.64858519218016
YOR297C,3.74051166798488,3.86118014190796,3.66967471928453,3.64858519218016
YGR033C,3.74051166798488,3.86118014190796,3.66967471928453,3.64858519218016
YDL217C,3.74051166798488,3.86118014190796,3.66967471928453,3.64858519218016
YNR017W,3.74051166798488,3.86118014190796,3.66967471928453,3.64858519218016
YIL022W,3.74051166798488,3.86118014190796,3.66967471928453,3.64858519218016
YPL063W,3.74051166798488,3.86118014190796,3.66967471928453,3.64858519218016
YJL054W,3.74051166798488,3.86118014190796,3.66967471928453,3.64858519218016
YJR135W-A,3.74051166798488,3.86118014190796,3.66967471928453,3.64858519218016
YEL020W-A,3.74051166798488,3.86118014190796,3.66967471928453,3.64858519218016
YGR082W,3.74051166798488,3.86118014190796,3.66967471928453,3.64858519218016
YNL131W,3.74051166798488,3.86118014190796,3.66967471928453,3.64858519218016
YMR203W,3.74051166798488,3.86118014190796,3.66967471928453,3.64858519218016
YPR133W-A,3.74051166798488,3.86118014190796,3.66967471928453,3.64858519218016
YOR045W,3.74051166798488,3.86118014190796,3.66967471928453,3.64858519218016
YNL070W,3.74051166798488,3.86118014190796,3.66967471928453,3.64858519218016
YNL121C,3.74051166798488,3.86118014190796,3.66967471928453,3.64858519218016
YKL195W,3.74051166798488,3.86118014190796,3.66967471928453,3.64858519218016
YNL310C,3.74051166798488,3.86118014190796,3.66967471928453,3.64858519218016
YNL004W,3.74051166798488,3.86118014190796,3.66967471928453,3.64858519218016
YHR117W,3.74051166798488,3.86118014190796,3.66967471928453,3.64858519218016
YLR150W,3.74051166798488,3.86118014190796,3.66967471928453,3.64858519218016
YPR080W,3.04527255889062,3.26364028836049,2.90605068375783,3.17518909272366
YBR118W,3.04527255889062,3.26364028836049,2.90605068375783,3.17518909272366
YAL003W,3.04527255889062,3.26364028836049,2.90605068375783,3.17518909272366
YPL048W,3.04527255889062,3.26364028836049,2.90605068375783,3.17518909272366
YKL081W,3.04527255889062,3.26364028836049,2.90605068375783,3.17518909272366
YOR133W,3.04527255889062,3.26364028836049,2.90605068375783,3.17518909272366
YDR385W,3.04527255889062,3.26364028836049,2.90605068375783,3.17518909272366
YLR249W,3.04527255889062,3.26364028836049,2.90605068375783,3.17518909272366
YNL014W,3.04527255889062,3.26364028836049,2.90605068375783,3.17518909272366
YKR059W,3.50360126352714,3.20160031212876,3.25907610651918,3.46749776535312
YMR012W,3.50360126352714,3.20160031212876,3.25907610651918,3.46749776535312
YMR260C,3.50360126352714,3.20160031212876,3.25907610651918,3.46749776535312
YJR007W,3.50360126352714,3.20160031212876,3.25907610651918,3.46749776535312
YPL237W,3.50360126352714,3.20160031212876,3.25907610651918,3.46749776535312
YER025W,3.50360126352714,3.20160031212876,3.25907610651918,3.46749776535312
YGR054W,3.50360126352714,3.20160031212876,3.25907610651918,3.46749776535312
YBR079C,3.50360126352714,3.20160031212876,3.25907610651918,3.46749776535312
YOR361C,3.50360126352714,3.20160031212876,3.25907610651918,3.46749776535312
YMR309C,3.50360126352714,3.20160031212876,3.25907610651918,3.46749776535312
YDR429C,3.50360126352714,3.20160031212876,3.25907610651918,3.46749776535312
YMR146C,3.50360126352714,3.20160031212876,3.25907610651918,3.46749776535312
YLR192C,3.50360126352714,3.20160031212876,3.25907610651918,3.46749776535312
YPR163C,3.50360126352714,3.20160031212876,3.25907610651918,3.46749776535312
YOL139C,3.50360126352714,3.20160031212876,3.25907610651918,3.46749776535312
YPR041W,3.50360126352714,3.20160031212876,3.25907610651918,3.46749776535312
YEL034W,3.50360126352714,3.20160031212876,3.25907610651918,3.46749776535312
YJR047C,3.50360126352714,3.20160031212876,3.25907610651918,3.46749776535312
YAL035W,3.50360126352714,3.20160031212876,3.25907610651918,3.46749776535312
YPR016C,3.50360126352714,3.20160031212876,3.25907610651918,3.46749776535312
YNL244C,3.50360126352714,3.20160031212876,3.25907610651918,3.46749776535312
YKR026C,3.50360126352714,3.20160031212876,3.25907610651918,3.46749776535312
YLR291C,3.50360126352714,3.20160031212876,3.25907610651918,3.46749776535312
YGR083C,3.50360126352714,3.20160031212876,3.25907610651918,3.46749776535312
YDR211W,3.50360126352714,3.20160031212876,3.25907610651918,3.46749776535312
YOR260W,3.50360126352714,3.20160031212876,3.25907610651918,3.46749776535312
YDR091C,3.50360126352714,3.20160031212876,3.25907610651918,3.46749776535312
YER168C,1.29583216127125,1.04583341473671,1.28062723874483,1.1949504404964
YKL205W,1.29583216127125,1.04583341473671,1.28062723874483,1.1949504404964
YMR293C,1.29583216127125,1.04583341473671,1.28062723874483,1.1949504404964
YNR046W,1.29583216127125,1.04583341473671,1.28062723874483,1.1949504404964
YBL024W,1.29583216127125,1.04583341473671,1.28062723874483,1.1949504404964
YOR243C,1.29583216127125,1.04583341473671,1.28062723874483,1.1949504404964
YPL207W,1.29583216127125,1.04583341473671,1.28062723874483,1.1949504404964
YJL125C,1.29583216127125,1.04583341473671,1.28062723874483,1.1949504404964
YNL062C,1.29583216127125,1.04583341473671,1.28062723874483,1.1949504404964
YMR259C,1.29583216127125,1.04583341473671,1.28062723874483,1.1949504404964
YBR061C,1.29583216127125,1.04583341473671,1.28062723874483,1.1949504404964
YOL124C,1.29583216127125,1.04583341473671,1.28062723874483,1.1949504404964
YDR120C,1.29583216127125,1.04583341473671,1.28062723874483,1.1949504404964
YHR070W,1.29583216127125,1.04583341473671,1.28062723874483,1.1949504404964
YOL093W,1.29583216127125,1.04583341473671,1.28062723874483,1.1949504404964
YDL112W,1.29583216127125,1.04583341473671,1.28062723874483,1.1949504404964
YPL030W,1.29583216127125,1.04583341473671,1.28062723874483,1.1949504404964
YKR056W,1.29583216127125,1.04583341473671,1.28062723874483,1.1949504404964
YMR283C,1.29583216127125,1.04583341473671,1.28062723874483,1.1949504404964
YGL232W,1.29583216127125,1.04583341473671,1.28062723874483,1.1949504404964
YOR274W,1.29583216127125,1.04583341473671,1.28062723874483,1.1949504404964
YKR038C,1.29583216127125,1.04583341473671,1.28062723874483,1.1949504404964
YPL212C,1.29583216127125,1.04583341473671,1.28062723874483,1.1949504404964
YNL292W,1.29583216127125,1.04583341473671,1.28062723874483,1.1949504404964
YGL063W,1.29583216127125,1.04583341473671,1.28062723874483,1.1949504404964
YGR169C,1.29583216127125,1.04583341473671,1.28062723874483,1.1949504404964
YFL001W,1.29583216127125,1.04583341473671,1.28062723874483,1.1949504404964
YML005W,1.29583216127125,1.04583341473671,1.28062723874483,1.1949504404964
YGL050W,1.29583216127125,1.04583341473671,1.28062723874483,1.1949504404964
YOL141W,1.29583216127125,1.04583341473671,1.28062723874483,1.1949504404964
YML080W,1.29583216127125,1.04583341473671,1.28062723874483,1.1949504404964
YNR015W,1.29583216127125,1.04583341473671,1.28062723874483,1.1949504404964
YLR405W,1.29583216127125,1.04583341473671,1.28062723874483,1.1949504404964
YLR401C,1.29583216127125,1.04583341473671,1.28062723874483,1.1949504404964
YJL035C,1.29583216127125,1.04583341473671,1.28062723874483,1.1949504404964
YLR316C,1.29583216127125,1.04583341473671,1.28062723874483,1.1949504404964
YMR059W,1.29583216127125,1.04583341473671,1.28062723874483,1.1949504404964
YLR105C,1.29583216127125,1.04583341473671,1.28062723874483,1.1949504404964
YAR008W,1.29583216127125,1.04583341473671,1.28062723874483,1.1949504404964
YPL083C,1.29583216127125,1.04583341473671,1.28062723874483,1.1949504404964
YOL125W,1.29583216127125,1.04583341473671,1.28062723874483,1.1949504404964
YGR024C,1.29583216127125,1.04583341473671,1.28062723874483,1.1949504404964
YOR239W,1.29583216127125,1.04583341473671,1.28062723874483,1.1949504404964
YLR100W,2.99824224890171,3.07204189000432,3.09349737349501,3.15573331357908
YNL280C,2.99824224890171,3.07204189000432,3.09349737349501,3.15573331357908
YHR007C,2.99824224890171,3.07204189000432,3.09349737349501,3.15573331357908
YGR060W,2.99824224890171,3.07204189000432,3.09349737349501,3.15573331357908
YGL001C,2.99824224890171,3.07204189000432,3.09349737349501,3.15573331357908
